1000,Kimberly,Williams,1200 Alyssa Squares,1988-03-28,2019-04-23,,True
1001,Anthony,Erickson,397 Diana Ferry,1976-12-04,2019-11-01,2020-09-01,True
1002,Jessica,Roach,644 Brittany Row Apt. 097,1998-03-28,2022-02-04,,True
1003,Andrew,Ryan,996 Dickerson Turnpike,1999-03-05,2019-08-26,,False
1004,Ian,Peters,7009 Nathan Expressway,1969-06-25,2019-09-14,,True
1005,Michael,Gillespie,224 Washington Mills Apt. 467,1974-09-28,2020-03-24,,False
1006,Ryan,Peters,1137 Angela Locks,2003-07-10,2020-11-27,2021-06-01,True
1007,Crystal,Sanchez,979 Phillips Ways,1987-10-15,2016-12-11,,False
1008,David,Hicks,7691 Evans Court,1986-07-12,2021-03-28,2021-04-01,True
1009,Daniel,Hicks,9922 Jim Crest Apt. 319,1981-02-14,2020-06-12,2021-02-01,True
1010,Ashley,Webster,92973 Mary Ville,1996-10-31,2019-12-27,,True
1011,Rachel,Mills,950 Grimes Burg Apt. 679,1984-08-09,2017-05-20,,True
1012,Mark,Day,65532 Davis Springs Apt. 363,1980-05-06,2021-10-16,,True
1013,Corey,Stafford,7757 Johnston Roads,1986-01-29,2020-12-28,2021-08-01,True
1014,Debra,Wilson,501 Arellano Land,1989-09-14,2017-11-24,,True
1015,Kristin,Hunt,3710 Rodriguez Glen Apt. 324,2001-08-23,2017-07-10,,True
1016,Misty,Scott,72226 Casey Square,1991-10-30,2022-02-02,,True
1017,Jason,Mcpherson,40395 Terrell Parks,1982-01-29,2019-03-11,,True
1018,Brandon,Hall,3514 Leslie Vista,1986-12-15,2021-07-25,,False
1019,David,Thompson,00348 Brandi Parks Suite 405,1997-07-01,2021-07-10,2021-08-01,False
1020,Ana,Williamson,3718 Raymond Meadows Suite 513,1984-08-14,2020-01-16,,True
1021,Amanda,Klein,461 Stewart Square,1978-08-02,2019-09-23,2021-07-01,False
1022,Amber,Acosta,94757 Parrish Flats Apt. 339,1974-10-29,2018-10-06,,True
1023,Madison,Flores,07681 Christine Neck,1993-09-02,2018-12-25,,True
1024,Christopher,Hale,546 Smith Roads Apt. 088,2000-12-03,2021-03-24,,True
1025,Christopher,Sanders,5182 Michelle Place Apt. 142,2004-08-23,2020-05-01,,False
1026,Steven,Cervantes,57571 Bowman Fall,1989-01-22,2021-11-25,,True
1027,Carrie,Jones,31995 Pham Fork Apt. 606,1986-08-05,2021-11-12,,False
1028,Alice,Hernandez,36050 Khan Drive Suite 543,1987-10-21,2019-09-03,,False
1029,Mario,Griffith,5555 Melissa Freeway Apt. 083,2002-06-20,2020-10-12,2021-10-01,False
1030,Deborah,Adams,2722 Kaitlin Street Suite 253,2000-07-21,2021-02-09,,True
1031,Warren,Lynn,47822 Darrell Green,1986-11-23,2018-08-16,,True
1032,Michelle,Choi,364 Shane Vista Apt. 727,1986-01-02,2017-01-21,,True
1033,Patricia,Prince,414 Flores Bypass Apt. 047,1983-01-12,2021-07-28,,True
1034,David,Hall,9001 Carrie Alley,1988-07-14,2020-03-08,,False
1035,David,Richardson,4488 Martinez Shores Suite 012,2002-04-22,2020-08-07,,True
1036,Mark,Little,4724 Wyatt Trail,1993-05-19,2021-11-04,2022-01-01,True
1037,Shelly,Wolfe,532 Perry Land,1978-12-22,2017-01-28,,True
1038,Catherine,Anderson,52363 Shannon Glen,1984-12-06,2018-01-01,,True
1039,Trevor,Griffin,97840 Carla Loaf,1985-12-12,2021-12-14,,True
1040,Charles,Anderson,323 Matthew Flats,1996-06-08,2014-11-26,,True
1041,Tammy,Johnson,8022 Derrick Squares Apt. 303,1969-11-30,2015-12-13,,True
1042,Micheal,Washington,6803 Carter Court Apt. 453,1972-09-05,2017-10-11,,True
1043,Justin,Lewis,2657 Mccall Lane Apt. 502,1988-02-19,2014-12-20,,True
1044,Garrett,Rivers,92906 Jenkins Harbors Suite 482,1996-05-05,2021-07-16,,True
1045,Alexandra,Morgan,518 Travis Gateway,2005-01-09,2020-03-05,,True
1046,Patrick,Carrillo,351 Bill Curve,2005-03-05,2020-07-08,,True
1047,Julian,Castro,2639 Ronald Summit Apt. 385,1988-11-04,2021-02-23,2021-09-01,True
1048,John,Duncan,1028 Frederick Courts,1988-01-25,2017-03-26,2018-07-01,True
1049,Matthew,Evans,0840 Harper Extension,1994-06-03,2020-03-05,,True
